Model,Accuracy,ROC-AUC
Logistic Regression,0.8102224325603408,0.8449364398992962
Decision Tree (CHAID Proxy),0.7856128726928537,0.8217830595218406
